timestamp,datetime_utc,equity
1764032400000,2025-11-25 01:00:00+00:00,8994.467089848518
1764036000000,2025-11-25 02:00:00+00:00,8994.467089848518
1764039600000,2025-11-25 03:00:00+00:00,8994.467089848518
1764043200000,2025-11-25 04:00:00+00:00,8994.467089848518
1764046800000,2025-11-25 05:00:00+00:00,8994.467089848518
1764050400000,2025-11-25 06:00:00+00:00,8994.467089848518
1764054000000,2025-11-25 07:00:00+00:00,8994.467089848518
1764057600000,2025-11-25 08:00:00+00:00,8994.467089848518
1764061200000,2025-11-25 09:00:00+00:00,8994.467089848518
1764064800000,2025-11-25 10:00:00+00:00,8994.467089848518
1764068400000,2025-11-25 11:00:00+00:00,8994.467089848518
1764072000000,2025-11-25 12:00:00+00:00,8994.467089848518
1764075600000,2025-11-25 13:00:00+00:00,8994.467089848518
1764079200000,2025-11-25 14:00:00+00:00,8994.467089848518
1764082800000,2025-11-25 15:00:00+00:00,8994.467089848518
1764086400000,2025-11-25 16:00:00+00:00,8994.467089848518
1764090000000,2025-11-25 17:00:00+00:00,8994.467089848518
1764093600000,2025-11-25 18:00:00+00:00,8994.467089848518
1764097200000,2025-11-25 19:00:00+00:00,8994.467089848518
1764100800000,2025-11-25 20:00:00+00:00,8994.467089848518
1764104400000,2025-11-25 21:00:00+00:00,8994.467089848518
1764108000000,2025-11-25 22:00:00+00:00,8994.467089848518
1764111600000,2025-11-25 23:00:00+00:00,8994.467089848518
1764115200000,2025-11-26 00:00:00+00:00,8994.467089848518
1764118800000,2025-11-26 01:00:00+00:00,8994.467089848518
1764122400000,2025-11-26 02:00:00+00:00,8994.467089848518
1764126000000,2025-11-26 03:00:00+00:00,8994.467089848518
1764129600000,2025-11-26 04:00:00+00:00,8994.467089848518
1764133200000,2025-11-26 05:00:00+00:00,8994.467089848518
1764136800000,2025-11-26 06:00:00+00:00,8994.467089848518
1764140400000,2025-11-26 07:00:00+00:00,8994.467089848518
1764144000000,2025-11-26 08:00:00+00:00,8994.467089848518
1764147600000,2025-11-26 09:00:00+00:00,8994.467089848518
1764151200000,2025-11-26 10:00:00+00:00,8994.467089848518
1764154800000,2025-11-26 11:00:00+00:00,8994.467089848518
1764158400000,2025-11-26 12:00:00+00:00,8994.467089848518
1764162000000,2025-11-26 13:00:00+00:00,8994.467089848518
1764165600000,2025-11-26 14:00:00+00:00,8994.467089848518
1764169200000,2025-11-26 15:00:00+00:00,8994.467089848518
1764172800000,2025-11-26 16:00:00+00:00,8994.467089848518
1764176400000,2025-11-26 17:00:00+00:00,8994.467089848518
1764180000000,2025-11-26 18:00:00+00:00,8994.467089848518
1764183600000,2025-11-26 19:00:00+00:00,8994.467089848518
1764187200000,2025-11-26 20:00:00+00:00,8994.467089848518
1764190800000,2025-11-26 21:00:00+00:00,8994.467089848518
1764194400000,2025-11-26 22:00:00+00:00,8994.467089848518
1764198000000,2025-11-26 23:00:00+00:00,8994.467089848518
1764201600000,2025-11-27 00:00:00+00:00,8994.467089848518
1764205200000,2025-11-27 01:00:00+00:00,8994.467089848518
1764208800000,2025-11-27 02:00:00+00:00,8994.467089848518
1764212400000,2025-11-27 03:00:00+00:00,8994.467089848518
1764216000000,2025-11-27 04:00:00+00:00,8994.467089848518
1764219600000,2025-11-27 05:00:00+00:00,8994.467089848518
1764223200000,2025-11-27 06:00:00+00:00,8994.467089848518
1764226800000,2025-11-27 07:00:00+00:00,8994.467089848518
1764230400000,2025-11-27 08:00:00+00:00,8994.467089848518
1764234000000,2025-11-27 09:00:00+00:00,8994.467089848518
1764237600000,2025-11-27 10:00:00+00:00,8994.467089848518
1764241200000,2025-11-27 11:00:00+00:00,8994.467089848518
1764244800000,2025-11-27 12:00:00+00:00,8994.467089848518
1764248400000,2025-11-27 13:00:00+00:00,8994.467089848518
1764252000000,2025-11-27 14:00:00+00:00,8994.467089848518
1764255600000,2025-11-27 15:00:00+00:00,8994.467089848518
1764259200000,2025-11-27 16:00:00+00:00,8994.467089848518
1764262800000,2025-11-27 17:00:00+00:00,8994.467089848518
1764266400000,2025-11-27 18:00:00+00:00,8994.467089848518
1764270000000,2025-11-27 19:00:00+00:00,8994.467089848518
1764273600000,2025-11-27 20:00:00+00:00,8994.467089848518
1764277200000,2025-11-27 21:00:00+00:00,8994.467089848518
1764280800000,2025-11-27 22:00:00+00:00,8994.467089848518
1764284400000,2025-11-27 23:00:00+00:00,8994.467089848518
1764288000000,2025-11-28 00:00:00+00:00,8994.467089848518
1764291600000,2025-11-28 01:00:00+00:00,8994.467089848518
1764295200000,2025-11-28 02:00:00+00:00,8994.467089848518
1764298800000,2025-11-28 03:00:00+00:00,8994.467089848518
1764302400000,2025-11-28 04:00:00+00:00,8994.467089848518
1764306000000,2025-11-28 05:00:00+00:00,8994.467089848518
1764309600000,2025-11-28 06:00:00+00:00,8994.467089848518
1764313200000,2025-11-28 07:00:00+00:00,8994.467089848518
1764316800000,2025-11-28 08:00:00+00:00,8994.467089848518
1764320400000,2025-11-28 09:00:00+00:00,8994.467089848518
1764324000000,2025-11-28 10:00:00+00:00,8994.467089848518
1764327600000,2025-11-28 11:00:00+00:00,8994.467089848518
1764331200000,2025-11-28 12:00:00+00:00,8994.467089848518
1764334800000,2025-11-28 13:00:00+00:00,8994.467089848518
1764338400000,2025-11-28 14:00:00+00:00,8994.467089848518
1764342000000,2025-11-28 15:00:00+00:00,8994.467089848518
1764345600000,2025-11-28 16:00:00+00:00,8994.467089848518
1764349200000,2025-11-28 17:00:00+00:00,8994.467089848518
1764352800000,2025-11-28 18:00:00+00:00,8994.467089848518
1764356400000,2025-11-28 19:00:00+00:00,8994.467089848518
1764360000000,2025-11-28 20:00:00+00:00,8994.467089848518
1764363600000,2025-11-28 21:00:00+00:00,8994.467089848518
1764367200000,2025-11-28 22:00:00+00:00,8994.467089848518
1764370800000,2025-11-28 23:00:00+00:00,8994.467089848518
1764374400000,2025-11-29 00:00:00+00:00,8994.467089848518
1764378000000,2025-11-29 01:00:00+00:00,8994.467089848518
1764381600000,2025-11-29 02:00:00+00:00,8994.467089848518
1764385200000,2025-11-29 03:00:00+00:00,8994.467089848518
1764388800000,2025-11-29 04:00:00+00:00,8994.467089848518
1764392400000,2025-11-29 05:00:00+00:00,8994.467089848518
1764396000000,2025-11-29 06:00:00+00:00,8994.467089848518
1764399600000,2025-11-29 07:00:00+00:00,8994.467089848518
1764403200000,2025-11-29 08:00:00+00:00,8994.467089848518
1764406800000,2025-11-29 09:00:00+00:00,8994.467089848518
1764410400000,2025-11-29 10:00:00+00:00,8994.467089848518
1764414000000,2025-11-29 11:00:00+00:00,8994.467089848518
1764417600000,2025-11-29 12:00:00+00:00,8994.467089848518
1764421200000,2025-11-29 13:00:00+00:00,8994.467089848518
1764424800000,2025-11-29 14:00:00+00:00,8994.467089848518
1764428400000,2025-11-29 15:00:00+00:00,8994.467089848518
1764432000000,2025-11-29 16:00:00+00:00,8994.467089848518
1764435600000,2025-11-29 17:00:00+00:00,8994.467089848518
1764439200000,2025-11-29 18:00:00+00:00,8994.467089848518
1764442800000,2025-11-29 19:00:00+00:00,8994.467089848518
1764446400000,2025-11-29 20:00:00+00:00,8994.467089848518
1764450000000,2025-11-29 21:00:00+00:00,8994.467089848518
1764453600000,2025-11-29 22:00:00+00:00,8994.467089848518
1764457200000,2025-11-29 23:00:00+00:00,8994.467089848518
1764460800000,2025-11-30 00:00:00+00:00,8994.467089848518
1764464400000,2025-11-30 01:00:00+00:00,8994.467089848518
1764468000000,2025-11-30 02:00:00+00:00,8994.467089848518
1764471600000,2025-11-30 03:00:00+00:00,8994.467089848518
1764475200000,2025-11-30 04:00:00+00:00,8994.467089848518
1764478800000,2025-11-30 05:00:00+00:00,8994.467089848518
1764482400000,2025-11-30 06:00:00+00:00,8994.467089848518
1764486000000,2025-11-30 07:00:00+00:00,8994.467089848518
1764489600000,2025-11-30 08:00:00+00:00,8994.467089848518
1764493200000,2025-11-30 09:00:00+00:00,8994.467089848518
1764496800000,2025-11-30 10:00:00+00:00,8994.467089848518
1764500400000,2025-11-30 11:00:00+00:00,8994.467089848518
1764504000000,2025-11-30 12:00:00+00:00,8994.467089848518
1764507600000,2025-11-30 13:00:00+00:00,8994.467089848518
1764511200000,2025-11-30 14:00:00+00:00,8994.467089848518
1764514800000,2025-11-30 15:00:00+00:00,8994.467089848518
1764518400000,2025-11-30 16:00:00+00:00,8994.467089848518
1764522000000,2025-11-30 17:00:00+00:00,8994.467089848518
1764525600000,2025-11-30 18:00:00+00:00,8994.467089848518
1764529200000,2025-11-30 19:00:00+00:00,8994.467089848518
1764532800000,2025-11-30 20:00:00+00:00,8994.467089848518
1764536400000,2025-11-30 21:00:00+00:00,8994.467089848518
1764540000000,2025-11-30 22:00:00+00:00,8994.467089848518
1764543600000,2025-11-30 23:00:00+00:00,8994.467089848518
1764547200000,2025-12-01 00:00:00+00:00,8994.467089848518
1764550800000,2025-12-01 01:00:00+00:00,8994.467089848518
1764554400000,2025-12-01 02:00:00+00:00,8994.467089848518
1764558000000,2025-12-01 03:00:00+00:00,8994.467089848518
1764561600000,2025-12-01 04:00:00+00:00,8994.467089848518
1764565200000,2025-12-01 05:00:00+00:00,8994.467089848518
1764568800000,2025-12-01 06:00:00+00:00,8994.467089848518
1764572400000,2025-12-01 07:00:00+00:00,8994.467089848518
1764576000000,2025-12-01 08:00:00+00:00,8994.467089848518
1764579600000,2025-12-01 09:00:00+00:00,8994.467089848518
1764583200000,2025-12-01 10:00:00+00:00,8994.467089848518
1764586800000,2025-12-01 11:00:00+00:00,8994.467089848518
1764590400000,2025-12-01 12:00:00+00:00,8994.467089848518
1764594000000,2025-12-01 13:00:00+00:00,8994.467089848518
1764597600000,2025-12-01 14:00:00+00:00,8994.467089848518
1764601200000,2025-12-01 15:00:00+00:00,8994.467089848518
1764604800000,2025-12-01 16:00:00+00:00,8994.467089848518
1764608400000,2025-12-01 17:00:00+00:00,8994.467089848518
1764612000000,2025-12-01 18:00:00+00:00,8994.467089848518
1764615600000,2025-12-01 19:00:00+00:00,8994.467089848518
1764619200000,2025-12-01 20:00:00+00:00,8994.467089848518
1764622800000,2025-12-01 21:00:00+00:00,8994.467089848518
1764626400000,2025-12-01 22:00:00+00:00,8994.467089848518
1764630000000,2025-12-01 23:00:00+00:00,8994.467089848518
1764633600000,2025-12-02 00:00:00+00:00,8994.467089848518
1764637200000,2025-12-02 01:00:00+00:00,8994.467089848518
1764640800000,2025-12-02 02:00:00+00:00,8994.467089848518
1764644400000,2025-12-02 03:00:00+00:00,8994.467089848518
1764648000000,2025-12-02 04:00:00+00:00,8994.467089848518
1764651600000,2025-12-02 05:00:00+00:00,8994.467089848518
1764655200000,2025-12-02 06:00:00+00:00,8994.467089848518
1764658800000,2025-12-02 07:00:00+00:00,8994.467089848518
1764662400000,2025-12-02 08:00:00+00:00,8994.467089848518
1764666000000,2025-12-02 09:00:00+00:00,8994.467089848518
1764669600000,2025-12-02 10:00:00+00:00,8994.467089848518
1764673200000,2025-12-02 11:00:00+00:00,8994.467089848518
1764676800000,2025-12-02 12:00:00+00:00,8994.467089848518
1764680400000,2025-12-02 13:00:00+00:00,8994.467089848518
1764684000000,2025-12-02 14:00:00+00:00,8994.467089848518
1764687600000,2025-12-02 15:00:00+00:00,8994.467089848518
1764691200000,2025-12-02 16:00:00+00:00,8994.467089848518
1764694800000,2025-12-02 17:00:00+00:00,8994.467089848518
1764698400000,2025-12-02 18:00:00+00:00,8994.467089848518
1764702000000,2025-12-02 19:00:00+00:00,8994.467089848518
1764705600000,2025-12-02 20:00:00+00:00,8994.467089848518
1764709200000,2025-12-02 21:00:00+00:00,8994.467089848518
1764712800000,2025-12-02 22:00:00+00:00,8994.467089848518
1764716400000,2025-12-02 23:00:00+00:00,8994.467089848518
1764720000000,2025-12-03 00:00:00+00:00,8994.467089848518
1764723600000,2025-12-03 01:00:00+00:00,8994.467089848518
1764727200000,2025-12-03 02:00:00+00:00,8994.467089848518
1764730800000,2025-12-03 03:00:00+00:00,8994.467089848518
1764734400000,2025-12-03 04:00:00+00:00,8994.467089848518
1764738000000,2025-12-03 05:00:00+00:00,8994.467089848518
1764741600000,2025-12-03 06:00:00+00:00,8994.467089848518
1764745200000,2025-12-03 07:00:00+00:00,8994.467089848518
1764748800000,2025-12-03 08:00:00+00:00,8994.467089848518
1764752400000,2025-12-03 09:00:00+00:00,8994.467089848518
1764756000000,2025-12-03 10:00:00+00:00,8994.467089848518
1764759600000,2025-12-03 11:00:00+00:00,8994.467089848518
1764763200000,2025-12-03 12:00:00+00:00,8994.467089848518
1764766800000,2025-12-03 13:00:00+00:00,8994.467089848518
1764770400000,2025-12-03 14:00:00+00:00,8994.467089848518
1764774000000,2025-12-03 15:00:00+00:00,8994.467089848518
1764777600000,2025-12-03 16:00:00+00:00,8994.467089848518
1764781200000,2025-12-03 17:00:00+00:00,8994.467089848518
1764784800000,2025-12-03 18:00:00+00:00,8994.467089848518
1764788400000,2025-12-03 19:00:00+00:00,8994.467089848518
1764792000000,2025-12-03 20:00:00+00:00,8994.467089848518
1764795600000,2025-12-03 21:00:00+00:00,8994.467089848518
1764799200000,2025-12-03 22:00:00+00:00,8994.467089848518
1764802800000,2025-12-03 23:00:00+00:00,8994.467089848518
1764806400000,2025-12-04 00:00:00+00:00,8994.467089848518
1764810000000,2025-12-04 01:00:00+00:00,8994.467089848518
1764813600000,2025-12-04 02:00:00+00:00,8994.467089848518
1764817200000,2025-12-04 03:00:00+00:00,8994.467089848518
1764820800000,2025-12-04 04:00:00+00:00,8994.467089848518
1764824400000,2025-12-04 05:00:00+00:00,8994.467089848518
1764828000000,2025-12-04 06:00:00+00:00,8994.467089848518
1764831600000,2025-12-04 07:00:00+00:00,8994.467089848518
1764835200000,2025-12-04 08:00:00+00:00,8994.467089848518
1764838800000,2025-12-04 09:00:00+00:00,8994.467089848518
1764842400000,2025-12-04 10:00:00+00:00,8994.467089848518
1764846000000,2025-12-04 11:00:00+00:00,8994.467089848518
1764849600000,2025-12-04 12:00:00+00:00,8994.467089848518
1764853200000,2025-12-04 13:00:00+00:00,8994.467089848518
1764856800000,2025-12-04 14:00:00+00:00,8994.467089848518
1764860400000,2025-12-04 15:00:00+00:00,8994.467089848518
1764864000000,2025-12-04 16:00:00+00:00,8994.467089848518
1764867600000,2025-12-04 17:00:00+00:00,8994.467089848518
1764871200000,2025-12-04 18:00:00+00:00,8994.467089848518
1764874800000,2025-12-04 19:00:00+00:00,8994.467089848518
1764878400000,2025-12-04 20:00:00+00:00,8994.467089848518
1764882000000,2025-12-04 21:00:00+00:00,8994.467089848518
1764885600000,2025-12-04 22:00:00+00:00,8994.467089848518
1764889200000,2025-12-04 23:00:00+00:00,8994.467089848518
1764892800000,2025-12-05 00:00:00+00:00,8994.467089848518
1764896400000,2025-12-05 01:00:00+00:00,8994.467089848518
1764900000000,2025-12-05 02:00:00+00:00,8994.467089848518
1764903600000,2025-12-05 03:00:00+00:00,8994.467089848518
1764907200000,2025-12-05 04:00:00+00:00,8994.467089848518
1764910800000,2025-12-05 05:00:00+00:00,8994.467089848518
1764914400000,2025-12-05 06:00:00+00:00,8994.467089848518
1764918000000,2025-12-05 07:00:00+00:00,8994.467089848518
1764921600000,2025-12-05 08:00:00+00:00,8994.467089848518
1764925200000,2025-12-05 09:00:00+00:00,8994.467089848518
1764928800000,2025-12-05 10:00:00+00:00,8994.467089848518
1764932400000,2025-12-05 11:00:00+00:00,8994.467089848518
1764936000000,2025-12-05 12:00:00+00:00,8994.467089848518
1764939600000,2025-12-05 13:00:00+00:00,8994.467089848518
1764943200000,2025-12-05 14:00:00+00:00,8994.467089848518
1764946800000,2025-12-05 15:00:00+00:00,8994.467089848518
1764950400000,2025-12-05 16:00:00+00:00,8994.467089848518
1764954000000,2025-12-05 17:00:00+00:00,8994.467089848518
1764957600000,2025-12-05 18:00:00+00:00,8994.467089848518
1764961200000,2025-12-05 19:00:00+00:00,8994.467089848518
1764964800000,2025-12-05 20:00:00+00:00,8994.467089848518
1764968400000,2025-12-05 21:00:00+00:00,8994.467089848518
1764972000000,2025-12-05 22:00:00+00:00,8994.467089848518
1764975600000,2025-12-05 23:00:00+00:00,8994.467089848518
1764979200000,2025-12-06 00:00:00+00:00,8994.467089848518
1764982800000,2025-12-06 01:00:00+00:00,8994.467089848518
1764986400000,2025-12-06 02:00:00+00:00,8994.467089848518
1764990000000,2025-12-06 03:00:00+00:00,8994.467089848518
1764993600000,2025-12-06 04:00:00+00:00,8994.467089848518
1764997200000,2025-12-06 05:00:00+00:00,8994.467089848518
1765000800000,2025-12-06 06:00:00+00:00,8994.467089848518
1765004400000,2025-12-06 07:00:00+00:00,8994.467089848518
1765008000000,2025-12-06 08:00:00+00:00,8994.467089848518
1765011600000,2025-12-06 09:00:00+00:00,8994.467089848518
1765015200000,2025-12-06 10:00:00+00:00,8994.467089848518
1765018800000,2025-12-06 11:00:00+00:00,8994.467089848518
1765022400000,2025-12-06 12:00:00+00:00,8994.467089848518
1765026000000,2025-12-06 13:00:00+00:00,8994.467089848518
1765029600000,2025-12-06 14:00:00+00:00,8994.467089848518
1765033200000,2025-12-06 15:00:00+00:00,8994.467089848518
1765036800000,2025-12-06 16:00:00+00:00,8994.467089848518
1765040400000,2025-12-06 17:00:00+00:00,8994.467089848518
1765044000000,2025-12-06 18:00:00+00:00,8994.467089848518
1765047600000,2025-12-06 19:00:00+00:00,8994.467089848518
1765051200000,2025-12-06 20:00:00+00:00,8994.467089848518
1765054800000,2025-12-06 21:00:00+00:00,8994.467089848518
1765058400000,2025-12-06 22:00:00+00:00,8994.467089848518
1765062000000,2025-12-06 23:00:00+00:00,8994.467089848518
1765065600000,2025-12-07 00:00:00+00:00,8994.467089848518
1765069200000,2025-12-07 01:00:00+00:00,8994.467089848518
1765072800000,2025-12-07 02:00:00+00:00,8994.467089848518
1765076400000,2025-12-07 03:00:00+00:00,8994.467089848518
1765080000000,2025-12-07 04:00:00+00:00,8994.467089848518
1765083600000,2025-12-07 05:00:00+00:00,8994.467089848518
1765087200000,2025-12-07 06:00:00+00:00,8994.467089848518
1765090800000,2025-12-07 07:00:00+00:00,8994.467089848518
1765094400000,2025-12-07 08:00:00+00:00,8994.467089848518
1765098000000,2025-12-07 09:00:00+00:00,8994.467089848518
1765101600000,2025-12-07 10:00:00+00:00,8994.467089848518
1765105200000,2025-12-07 11:00:00+00:00,8994.467089848518
1765108800000,2025-12-07 12:00:00+00:00,8994.467089848518
1765112400000,2025-12-07 13:00:00+00:00,8994.467089848518
1765116000000,2025-12-07 14:00:00+00:00,8994.467089848518
1765119600000,2025-12-07 15:00:00+00:00,8994.467089848518
1765123200000,2025-12-07 16:00:00+00:00,8994.467089848518
1765126800000,2025-12-07 17:00:00+00:00,8994.467089848518
1765130400000,2025-12-07 18:00:00+00:00,8994.467089848518
1765134000000,2025-12-07 19:00:00+00:00,8994.467089848518
1765137600000,2025-12-07 20:00:00+00:00,8994.467089848518
1765141200000,2025-12-07 21:00:00+00:00,8994.467089848518
1765144800000,2025-12-07 22:00:00+00:00,8994.467089848518
1765148400000,2025-12-07 23:00:00+00:00,8994.467089848518
1765152000000,2025-12-08 00:00:00+00:00,8994.467089848518
1765155600000,2025-12-08 01:00:00+00:00,8994.467089848518
1765159200000,2025-12-08 02:00:00+00:00,8994.467089848518
1765162800000,2025-12-08 03:00:00+00:00,8994.467089848518
1765166400000,2025-12-08 04:00:00+00:00,8994.467089848518
1765170000000,2025-12-08 05:00:00+00:00,8994.467089848518
1765173600000,2025-12-08 06:00:00+00:00,8994.467089848518
1765177200000,2025-12-08 07:00:00+00:00,8994.467089848518
1765180800000,2025-12-08 08:00:00+00:00,8994.467089848518
1765184400000,2025-12-08 09:00:00+00:00,8994.467089848518
1765188000000,2025-12-08 10:00:00+00:00,8994.467089848518
1765191600000,2025-12-08 11:00:00+00:00,8994.467089848518
1765195200000,2025-12-08 12:00:00+00:00,8994.467089848518
1765198800000,2025-12-08 13:00:00+00:00,8994.467089848518
1765202400000,2025-12-08 14:00:00+00:00,8994.467089848518
1765206000000,2025-12-08 15:00:00+00:00,8994.467089848518
1765209600000,2025-12-08 16:00:00+00:00,8994.467089848518
1765213200000,2025-12-08 17:00:00+00:00,8994.467089848518
1765216800000,2025-12-08 18:00:00+00:00,8994.467089848518
1765220400000,2025-12-08 19:00:00+00:00,8994.467089848518
1765224000000,2025-12-08 20:00:00+00:00,8994.467089848518
1765227600000,2025-12-08 21:00:00+00:00,8994.467089848518
1765231200000,2025-12-08 22:00:00+00:00,8994.467089848518
1765234800000,2025-12-08 23:00:00+00:00,8994.467089848518
1765238400000,2025-12-09 00:00:00+00:00,8994.467089848518
1765242000000,2025-12-09 01:00:00+00:00,8994.467089848518
1765245600000,2025-12-09 02:00:00+00:00,8994.467089848518
1765249200000,2025-12-09 03:00:00+00:00,8994.467089848518
1765252800000,2025-12-09 04:00:00+00:00,8994.467089848518
1765256400000,2025-12-09 05:00:00+00:00,8994.467089848518
1765260000000,2025-12-09 06:00:00+00:00,8994.467089848518
1765263600000,2025-12-09 07:00:00+00:00,8994.467089848518
1765267200000,2025-12-09 08:00:00+00:00,8994.467089848518
1765270800000,2025-12-09 09:00:00+00:00,8994.467089848518
1765274400000,2025-12-09 10:00:00+00:00,8994.467089848518
1765278000000,2025-12-09 11:00:00+00:00,8994.467089848518
1765281600000,2025-12-09 12:00:00+00:00,8994.467089848518
1765285200000,2025-12-09 13:00:00+00:00,8994.467089848518
1765288800000,2025-12-09 14:00:00+00:00,8994.467089848518
1765292400000,2025-12-09 15:00:00+00:00,8994.467089848518
1765296000000,2025-12-09 16:00:00+00:00,8994.467089848518
1765299600000,2025-12-09 17:00:00+00:00,8994.467089848518
1765303200000,2025-12-09 18:00:00+00:00,8994.467089848518
1765306800000,2025-12-09 19:00:00+00:00,8994.467089848518
1765310400000,2025-12-09 20:00:00+00:00,8994.467089848518
1765314000000,2025-12-09 21:00:00+00:00,8994.467089848518
1765317600000,2025-12-09 22:00:00+00:00,8994.467089848518
1765321200000,2025-12-09 23:00:00+00:00,8994.467089848518
1765324800000,2025-12-10 00:00:00+00:00,8994.467089848518
1765328400000,2025-12-10 01:00:00+00:00,8994.467089848518
1765332000000,2025-12-10 02:00:00+00:00,8994.467089848518
1765335600000,2025-12-10 03:00:00+00:00,8994.467089848518
1765339200000,2025-12-10 04:00:00+00:00,8994.467089848518
1765342800000,2025-12-10 05:00:00+00:00,8994.467089848518
1765346400000,2025-12-10 06:00:00+00:00,8994.467089848518
1765350000000,2025-12-10 07:00:00+00:00,8994.467089848518
1765353600000,2025-12-10 08:00:00+00:00,8994.467089848518
1765357200000,2025-12-10 09:00:00+00:00,8994.467089848518
1765360800000,2025-12-10 10:00:00+00:00,8994.467089848518
1765364400000,2025-12-10 11:00:00+00:00,8994.467089848518
1765368000000,2025-12-10 12:00:00+00:00,8994.467089848518
1765371600000,2025-12-10 13:00:00+00:00,8994.467089848518
1765375200000,2025-12-10 14:00:00+00:00,8994.467089848518
1765378800000,2025-12-10 15:00:00+00:00,8994.467089848518
1765382400000,2025-12-10 16:00:00+00:00,8994.467089848518
1765386000000,2025-12-10 17:00:00+00:00,8994.467089848518
1765389600000,2025-12-10 18:00:00+00:00,8994.467089848518
1765393200000,2025-12-10 19:00:00+00:00,8994.467089848518
1765396800000,2025-12-10 20:00:00+00:00,8994.467089848518
1765400400000,2025-12-10 21:00:00+00:00,8994.467089848518
1765404000000,2025-12-10 22:00:00+00:00,8994.467089848518
1765407600000,2025-12-10 23:00:00+00:00,8994.467089848518
1765411200000,2025-12-11 00:00:00+00:00,8994.467089848518
1765414800000,2025-12-11 01:00:00+00:00,8994.467089848518
1765418400000,2025-12-11 02:00:00+00:00,8994.467089848518
1765422000000,2025-12-11 03:00:00+00:00,8994.467089848518
1765425600000,2025-12-11 04:00:00+00:00,8994.467089848518
1765429200000,2025-12-11 05:00:00+00:00,8994.467089848518
1765432800000,2025-12-11 06:00:00+00:00,8994.467089848518
1765436400000,2025-12-11 07:00:00+00:00,8994.467089848518
1765440000000,2025-12-11 08:00:00+00:00,8994.467089848518
1765443600000,2025-12-11 09:00:00+00:00,8994.467089848518
1765447200000,2025-12-11 10:00:00+00:00,8994.467089848518
1765450800000,2025-12-11 11:00:00+00:00,8994.467089848518
1765454400000,2025-12-11 12:00:00+00:00,8994.467089848518
1765458000000,2025-12-11 13:00:00+00:00,8994.467089848518
1765461600000,2025-12-11 14:00:00+00:00,8994.467089848518
1765465200000,2025-12-11 15:00:00+00:00,8994.467089848518
1765468800000,2025-12-11 16:00:00+00:00,8994.467089848518
1765472400000,2025-12-11 17:00:00+00:00,8994.467089848518
1765476000000,2025-12-11 18:00:00+00:00,8994.467089848518
1765479600000,2025-12-11 19:00:00+00:00,8994.467089848518
1765483200000,2025-12-11 20:00:00+00:00,8994.467089848518
1765486800000,2025-12-11 21:00:00+00:00,8994.467089848518
1765490400000,2025-12-11 22:00:00+00:00,8994.467089848518
1765494000000,2025-12-11 23:00:00+00:00,8994.467089848518
1765497600000,2025-12-12 00:00:00+00:00,8994.467089848518
1765501200000,2025-12-12 01:00:00+00:00,8994.467089848518
1765504800000,2025-12-12 02:00:00+00:00,8994.467089848518
1765508400000,2025-12-12 03:00:00+00:00,8994.467089848518
1765512000000,2025-12-12 04:00:00+00:00,8994.467089848518
1765515600000,2025-12-12 05:00:00+00:00,8994.467089848518
1765519200000,2025-12-12 06:00:00+00:00,8994.467089848518
1765522800000,2025-12-12 07:00:00+00:00,8994.467089848518
1765526400000,2025-12-12 08:00:00+00:00,8994.467089848518
1765530000000,2025-12-12 09:00:00+00:00,8994.467089848518
1765533600000,2025-12-12 10:00:00+00:00,8994.467089848518
1765537200000,2025-12-12 11:00:00+00:00,8994.467089848518
1765540800000,2025-12-12 12:00:00+00:00,8994.467089848518
1765544400000,2025-12-12 13:00:00+00:00,8994.467089848518
1765548000000,2025-12-12 14:00:00+00:00,8994.467089848518
1765551600000,2025-12-12 15:00:00+00:00,8994.467089848518
1765555200000,2025-12-12 16:00:00+00:00,8994.467089848518
1765558800000,2025-12-12 17:00:00+00:00,8994.467089848518
1765562400000,2025-12-12 18:00:00+00:00,8994.467089848518
1765566000000,2025-12-12 19:00:00+00:00,8994.467089848518
1765569600000,2025-12-12 20:00:00+00:00,8994.467089848518
1765573200000,2025-12-12 21:00:00+00:00,8994.467089848518
1765576800000,2025-12-12 22:00:00+00:00,8994.467089848518
1765580400000,2025-12-12 23:00:00+00:00,8994.467089848518
1765584000000,2025-12-13 00:00:00+00:00,8994.467089848518
1765587600000,2025-12-13 01:00:00+00:00,8994.467089848518
1765591200000,2025-12-13 02:00:00+00:00,8994.467089848518
1765594800000,2025-12-13 03:00:00+00:00,8994.467089848518
1765598400000,2025-12-13 04:00:00+00:00,8994.467089848518
1765602000000,2025-12-13 05:00:00+00:00,8994.467089848518
1765605600000,2025-12-13 06:00:00+00:00,8994.467089848518
1765609200000,2025-12-13 07:00:00+00:00,8994.467089848518
1765612800000,2025-12-13 08:00:00+00:00,8994.467089848518
1765616400000,2025-12-13 09:00:00+00:00,8994.467089848518
1765620000000,2025-12-13 10:00:00+00:00,8994.467089848518
1765623600000,2025-12-13 11:00:00+00:00,8994.467089848518
1765627200000,2025-12-13 12:00:00+00:00,8994.467089848518
1765630800000,2025-12-13 13:00:00+00:00,8994.467089848518
1765634400000,2025-12-13 14:00:00+00:00,8994.467089848518
1765638000000,2025-12-13 15:00:00+00:00,8994.467089848518
1765641600000,2025-12-13 16:00:00+00:00,8994.467089848518
1765645200000,2025-12-13 17:00:00+00:00,8994.467089848518
1765648800000,2025-12-13 18:00:00+00:00,8994.467089848518
1765652400000,2025-12-13 19:00:00+00:00,8994.467089848518
1765656000000,2025-12-13 20:00:00+00:00,8994.467089848518
1765659600000,2025-12-13 21:00:00+00:00,8994.467089848518
1765663200000,2025-12-13 22:00:00+00:00,8994.467089848518
1765666800000,2025-12-13 23:00:00+00:00,8994.467089848518
1765670400000,2025-12-14 00:00:00+00:00,8994.467089848518
1765674000000,2025-12-14 01:00:00+00:00,8994.467089848518
1765677600000,2025-12-14 02:00:00+00:00,8994.467089848518
1765681200000,2025-12-14 03:00:00+00:00,8994.467089848518
1765684800000,2025-12-14 04:00:00+00:00,8994.467089848518
1765688400000,2025-12-14 05:00:00+00:00,8994.467089848518
1765692000000,2025-12-14 06:00:00+00:00,8994.467089848518
1765695600000,2025-12-14 07:00:00+00:00,8994.467089848518
1765699200000,2025-12-14 08:00:00+00:00,8994.467089848518
1765702800000,2025-12-14 09:00:00+00:00,8994.467089848518
1765706400000,2025-12-14 10:00:00+00:00,8994.467089848518
1765710000000,2025-12-14 11:00:00+00:00,8994.467089848518
1765713600000,2025-12-14 12:00:00+00:00,8994.467089848518
1765717200000,2025-12-14 13:00:00+00:00,8994.467089848518
1765720800000,2025-12-14 14:00:00+00:00,8994.467089848518
1765724400000,2025-12-14 15:00:00+00:00,8994.467089848518
1765728000000,2025-12-14 16:00:00+00:00,8994.467089848518
1765731600000,2025-12-14 17:00:00+00:00,8994.467089848518
1765735200000,2025-12-14 18:00:00+00:00,8994.467089848518
1765738800000,2025-12-14 19:00:00+00:00,8994.467089848518
1765742400000,2025-12-14 20:00:00+00:00,8994.467089848518
1765746000000,2025-12-14 21:00:00+00:00,8994.467089848518
1765749600000,2025-12-14 22:00:00+00:00,8994.467089848518
1765753200000,2025-12-14 23:00:00+00:00,8994.467089848518
1765756800000,2025-12-15 00:00:00+00:00,8994.467089848518
1765760400000,2025-12-15 01:00:00+00:00,8994.467089848518
1765764000000,2025-12-15 02:00:00+00:00,8994.467089848518
1765767600000,2025-12-15 03:00:00+00:00,8994.467089848518
1765771200000,2025-12-15 04:00:00+00:00,8994.467089848518
1765774800000,2025-12-15 05:00:00+00:00,8994.467089848518
1765778400000,2025-12-15 06:00:00+00:00,8994.467089848518
1765782000000,2025-12-15 07:00:00+00:00,8994.467089848518
1765785600000,2025-12-15 08:00:00+00:00,8994.467089848518
1765789200000,2025-12-15 09:00:00+00:00,8994.467089848518
1765792800000,2025-12-15 10:00:00+00:00,8994.467089848518
1765796400000,2025-12-15 11:00:00+00:00,8994.467089848518
1765800000000,2025-12-15 12:00:00+00:00,8994.467089848518
1765803600000,2025-12-15 13:00:00+00:00,8994.467089848518
1765807200000,2025-12-15 14:00:00+00:00,8994.467089848518
1765810800000,2025-12-15 15:00:00+00:00,8994.467089848518
1765814400000,2025-12-15 16:00:00+00:00,8994.467089848518
1765818000000,2025-12-15 17:00:00+00:00,8994.467089848518
1765821600000,2025-12-15 18:00:00+00:00,8994.467089848518
1765825200000,2025-12-15 19:00:00+00:00,8994.467089848518
1765828800000,2025-12-15 20:00:00+00:00,8994.467089848518
1765832400000,2025-12-15 21:00:00+00:00,8994.467089848518
1765836000000,2025-12-15 22:00:00+00:00,8994.467089848518
1765839600000,2025-12-15 23:00:00+00:00,8994.467089848518
1765843200000,2025-12-16 00:00:00+00:00,8994.467089848518
1765846800000,2025-12-16 01:00:00+00:00,8994.467089848518
1765850400000,2025-12-16 02:00:00+00:00,8994.467089848518
1765854000000,2025-12-16 03:00:00+00:00,8994.467089848518
1765857600000,2025-12-16 04:00:00+00:00,8994.467089848518
1765861200000,2025-12-16 05:00:00+00:00,8994.467089848518
1765864800000,2025-12-16 06:00:00+00:00,8994.467089848518
1765868400000,2025-12-16 07:00:00+00:00,8994.467089848518
1765872000000,2025-12-16 08:00:00+00:00,8994.467089848518
1765875600000,2025-12-16 09:00:00+00:00,8994.467089848518
1765879200000,2025-12-16 10:00:00+00:00,8994.467089848518
1765882800000,2025-12-16 11:00:00+00:00,8994.467089848518
1765886400000,2025-12-16 12:00:00+00:00,8994.467089848518
1765890000000,2025-12-16 13:00:00+00:00,8994.467089848518
1765893600000,2025-12-16 14:00:00+00:00,8994.467089848518
1765897200000,2025-12-16 15:00:00+00:00,8994.467089848518
1765900800000,2025-12-16 16:00:00+00:00,8994.467089848518
1765904400000,2025-12-16 17:00:00+00:00,8994.467089848518
1765908000000,2025-12-16 18:00:00+00:00,8994.467089848518
1765911600000,2025-12-16 19:00:00+00:00,8994.467089848518
1765915200000,2025-12-16 20:00:00+00:00,8994.467089848518
1765918800000,2025-12-16 21:00:00+00:00,8994.467089848518
1765922400000,2025-12-16 22:00:00+00:00,8994.467089848518
1765926000000,2025-12-16 23:00:00+00:00,8994.467089848518
1765929600000,2025-12-17 00:00:00+00:00,8994.467089848518
1765933200000,2025-12-17 01:00:00+00:00,8994.467089848518
1765936800000,2025-12-17 02:00:00+00:00,8994.467089848518
1765940400000,2025-12-17 03:00:00+00:00,8994.467089848518
1765944000000,2025-12-17 04:00:00+00:00,8994.467089848518
1765947600000,2025-12-17 05:00:00+00:00,8994.467089848518
1765951200000,2025-12-17 06:00:00+00:00,8994.467089848518
1765954800000,2025-12-17 07:00:00+00:00,8994.467089848518
1765958400000,2025-12-17 08:00:00+00:00,8994.467089848518
1765962000000,2025-12-17 09:00:00+00:00,8994.467089848518
1765965600000,2025-12-17 10:00:00+00:00,8994.467089848518
1765969200000,2025-12-17 11:00:00+00:00,8994.467089848518
1765972800000,2025-12-17 12:00:00+00:00,8994.467089848518
1765976400000,2025-12-17 13:00:00+00:00,8994.467089848518
1765980000000,2025-12-17 14:00:00+00:00,8994.467089848518
1765983600000,2025-12-17 15:00:00+00:00,8994.467089848518
1765987200000,2025-12-17 16:00:00+00:00,8994.467089848518
1765990800000,2025-12-17 17:00:00+00:00,8994.467089848518
1765994400000,2025-12-17 18:00:00+00:00,8994.467089848518
1765998000000,2025-12-17 19:00:00+00:00,8994.467089848518
1766001600000,2025-12-17 20:00:00+00:00,8994.467089848518
1766005200000,2025-12-17 21:00:00+00:00,8994.467089848518
1766008800000,2025-12-17 22:00:00+00:00,8994.467089848518
1766012400000,2025-12-17 23:00:00+00:00,8994.467089848518
1766016000000,2025-12-18 00:00:00+00:00,8994.467089848518
1766019600000,2025-12-18 01:00:00+00:00,8994.467089848518
1766023200000,2025-12-18 02:00:00+00:00,8994.467089848518
1766026800000,2025-12-18 03:00:00+00:00,8994.467089848518
1766030400000,2025-12-18 04:00:00+00:00,8994.467089848518
1766034000000,2025-12-18 05:00:00+00:00,8994.467089848518
1766037600000,2025-12-18 06:00:00+00:00,8994.467089848518
1766041200000,2025-12-18 07:00:00+00:00,8994.467089848518
1766044800000,2025-12-18 08:00:00+00:00,8994.467089848518
1766048400000,2025-12-18 09:00:00+00:00,8994.467089848518
1766052000000,2025-12-18 10:00:00+00:00,8994.467089848518
1766055600000,2025-12-18 11:00:00+00:00,8994.467089848518
1766059200000,2025-12-18 12:00:00+00:00,8994.467089848518
1766062800000,2025-12-18 13:00:00+00:00,8994.467089848518
1766066400000,2025-12-18 14:00:00+00:00,8994.467089848518
1766070000000,2025-12-18 15:00:00+00:00,8994.467089848518
1766073600000,2025-12-18 16:00:00+00:00,8994.467089848518
1766077200000,2025-12-18 17:00:00+00:00,8994.467089848518
1766080800000,2025-12-18 18:00:00+00:00,8994.467089848518
1766084400000,2025-12-18 19:00:00+00:00,8994.467089848518
1766088000000,2025-12-18 20:00:00+00:00,8994.467089848518
1766091600000,2025-12-18 21:00:00+00:00,8994.467089848518
1766095200000,2025-12-18 22:00:00+00:00,8994.467089848518
1766098800000,2025-12-18 23:00:00+00:00,8994.467089848518
1766102400000,2025-12-19 00:00:00+00:00,8994.467089848518
1766106000000,2025-12-19 01:00:00+00:00,8994.467089848518
1766109600000,2025-12-19 02:00:00+00:00,8994.467089848518
1766113200000,2025-12-19 03:00:00+00:00,8994.467089848518
1766116800000,2025-12-19 04:00:00+00:00,8994.467089848518
1766120400000,2025-12-19 05:00:00+00:00,8994.467089848518
1766124000000,2025-12-19 06:00:00+00:00,8994.467089848518
1766127600000,2025-12-19 07:00:00+00:00,8994.467089848518
1766131200000,2025-12-19 08:00:00+00:00,8994.467089848518
1766134800000,2025-12-19 09:00:00+00:00,8994.467089848518
1766138400000,2025-12-19 10:00:00+00:00,8994.467089848518
1766142000000,2025-12-19 11:00:00+00:00,8994.467089848518
1766145600000,2025-12-19 12:00:00+00:00,8994.467089848518
1766149200000,2025-12-19 13:00:00+00:00,8994.467089848518
1766152800000,2025-12-19 14:00:00+00:00,8994.467089848518
1766156400000,2025-12-19 15:00:00+00:00,8994.467089848518
1766160000000,2025-12-19 16:00:00+00:00,8994.467089848518
1766163600000,2025-12-19 17:00:00+00:00,8994.467089848518
1766167200000,2025-12-19 18:00:00+00:00,8994.467089848518
1766170800000,2025-12-19 19:00:00+00:00,8994.467089848518
1766174400000,2025-12-19 20:00:00+00:00,8994.467089848518
1766178000000,2025-12-19 21:00:00+00:00,8994.467089848518
1766181600000,2025-12-19 22:00:00+00:00,8994.467089848518
1766185200000,2025-12-19 23:00:00+00:00,8994.467089848518
1766188800000,2025-12-20 00:00:00+00:00,8994.467089848518
1766192400000,2025-12-20 01:00:00+00:00,8994.467089848518
1766196000000,2025-12-20 02:00:00+00:00,8994.467089848518
1766199600000,2025-12-20 03:00:00+00:00,8994.467089848518
1766203200000,2025-12-20 04:00:00+00:00,8994.467089848518
1766206800000,2025-12-20 05:00:00+00:00,8994.467089848518
1766210400000,2025-12-20 06:00:00+00:00,8994.467089848518
1766214000000,2025-12-20 07:00:00+00:00,8994.467089848518
1766217600000,2025-12-20 08:00:00+00:00,8994.467089848518
1766221200000,2025-12-20 09:00:00+00:00,8994.467089848518
1766224800000,2025-12-20 10:00:00+00:00,8994.467089848518
1766228400000,2025-12-20 11:00:00+00:00,8994.467089848518
1766232000000,2025-12-20 12:00:00+00:00,8994.467089848518
1766235600000,2025-12-20 13:00:00+00:00,8994.467089848518
1766239200000,2025-12-20 14:00:00+00:00,8994.467089848518
1766242800000,2025-12-20 15:00:00+00:00,8994.467089848518
1766246400000,2025-12-20 16:00:00+00:00,8994.467089848518
1766250000000,2025-12-20 17:00:00+00:00,8994.467089848518
1766253600000,2025-12-20 18:00:00+00:00,8994.467089848518
1766257200000,2025-12-20 19:00:00+00:00,8994.467089848518
1766260800000,2025-12-20 20:00:00+00:00,8994.467089848518
1766264400000,2025-12-20 21:00:00+00:00,8994.467089848518
1766268000000,2025-12-20 22:00:00+00:00,8994.467089848518
1766271600000,2025-12-20 23:00:00+00:00,8994.467089848518
1766275200000,2025-12-21 00:00:00+00:00,8994.467089848518
1766278800000,2025-12-21 01:00:00+00:00,8994.467089848518
1766282400000,2025-12-21 02:00:00+00:00,8994.467089848518
1766286000000,2025-12-21 03:00:00+00:00,8994.467089848518
1766289600000,2025-12-21 04:00:00+00:00,8994.467089848518
1766293200000,2025-12-21 05:00:00+00:00,8994.467089848518
1766296800000,2025-12-21 06:00:00+00:00,8994.467089848518
1766300400000,2025-12-21 07:00:00+00:00,8994.467089848518
1766304000000,2025-12-21 08:00:00+00:00,8994.467089848518
1766307600000,2025-12-21 09:00:00+00:00,8994.467089848518
1766311200000,2025-12-21 10:00:00+00:00,8994.467089848518
1766314800000,2025-12-21 11:00:00+00:00,8994.467089848518
1766318400000,2025-12-21 12:00:00+00:00,8994.467089848518
1766322000000,2025-12-21 13:00:00+00:00,8994.467089848518
1766325600000,2025-12-21 14:00:00+00:00,8994.467089848518
1766329200000,2025-12-21 15:00:00+00:00,8994.467089848518
1766332800000,2025-12-21 16:00:00+00:00,8994.467089848518
1766336400000,2025-12-21 17:00:00+00:00,8994.467089848518
1766340000000,2025-12-21 18:00:00+00:00,8994.467089848518
1766343600000,2025-12-21 19:00:00+00:00,8994.467089848518
1766347200000,2025-12-21 20:00:00+00:00,8994.467089848518
1766350800000,2025-12-21 21:00:00+00:00,8994.467089848518
1766354400000,2025-12-21 22:00:00+00:00,8994.467089848518
1766358000000,2025-12-21 23:00:00+00:00,8994.467089848518
1766361600000,2025-12-22 00:00:00+00:00,8994.467089848518
1766365200000,2025-12-22 01:00:00+00:00,8994.467089848518
1766368800000,2025-12-22 02:00:00+00:00,8994.467089848518
1766372400000,2025-12-22 03:00:00+00:00,8994.467089848518
1766376000000,2025-12-22 04:00:00+00:00,8994.467089848518
1766379600000,2025-12-22 05:00:00+00:00,8994.467089848518
1766383200000,2025-12-22 06:00:00+00:00,8994.467089848518
1766386800000,2025-12-22 07:00:00+00:00,8994.467089848518
1766390400000,2025-12-22 08:00:00+00:00,8994.467089848518
1766394000000,2025-12-22 09:00:00+00:00,8994.467089848518
1766397600000,2025-12-22 10:00:00+00:00,8994.467089848518
1766401200000,2025-12-22 11:00:00+00:00,8994.467089848518
1766404800000,2025-12-22 12:00:00+00:00,8994.467089848518
1766408400000,2025-12-22 13:00:00+00:00,8994.467089848518
1766412000000,2025-12-22 14:00:00+00:00,8994.467089848518
1766415600000,2025-12-22 15:00:00+00:00,8994.467089848518
1766419200000,2025-12-22 16:00:00+00:00,8994.467089848518
1766422800000,2025-12-22 17:00:00+00:00,8994.467089848518
1766426400000,2025-12-22 18:00:00+00:00,8994.467089848518
1766430000000,2025-12-22 19:00:00+00:00,8994.467089848518
1766433600000,2025-12-22 20:00:00+00:00,8994.467089848518
1766437200000,2025-12-22 21:00:00+00:00,8994.467089848518
1766440800000,2025-12-22 22:00:00+00:00,8994.467089848518
1766444400000,2025-12-22 23:00:00+00:00,8994.467089848518
1766448000000,2025-12-23 00:00:00+00:00,8994.467089848518
1766451600000,2025-12-23 01:00:00+00:00,8994.467089848518
1766455200000,2025-12-23 02:00:00+00:00,8994.467089848518
1766458800000,2025-12-23 03:00:00+00:00,8994.467089848518
1766462400000,2025-12-23 04:00:00+00:00,8994.467089848518
1766466000000,2025-12-23 05:00:00+00:00,8994.467089848518
1766469600000,2025-12-23 06:00:00+00:00,8994.467089848518
1766473200000,2025-12-23 07:00:00+00:00,8994.467089848518
1766476800000,2025-12-23 08:00:00+00:00,8994.467089848518
1766480400000,2025-12-23 09:00:00+00:00,8994.467089848518
1766484000000,2025-12-23 10:00:00+00:00,8994.467089848518
1766487600000,2025-12-23 11:00:00+00:00,8994.467089848518
1766491200000,2025-12-23 12:00:00+00:00,8994.467089848518
1766494800000,2025-12-23 13:00:00+00:00,8994.467089848518
1766498400000,2025-12-23 14:00:00+00:00,8994.467089848518
1766502000000,2025-12-23 15:00:00+00:00,8994.467089848518
1766505600000,2025-12-23 16:00:00+00:00,8994.467089848518
1766509200000,2025-12-23 17:00:00+00:00,8994.467089848518
1766512800000,2025-12-23 18:00:00+00:00,8994.467089848518
1766516400000,2025-12-23 19:00:00+00:00,8994.467089848518
1766520000000,2025-12-23 20:00:00+00:00,8994.467089848518
1766523600000,2025-12-23 21:00:00+00:00,8994.467089848518
1766527200000,2025-12-23 22:00:00+00:00,8994.467089848518
1766530800000,2025-12-23 23:00:00+00:00,8994.467089848518
1766534400000,2025-12-24 00:00:00+00:00,8994.467089848518
1766538000000,2025-12-24 01:00:00+00:00,8994.467089848518
1766541600000,2025-12-24 02:00:00+00:00,8994.467089848518
1766545200000,2025-12-24 03:00:00+00:00,8994.467089848518
1766548800000,2025-12-24 04:00:00+00:00,8994.467089848518
1766552400000,2025-12-24 05:00:00+00:00,8994.467089848518
1766556000000,2025-12-24 06:00:00+00:00,8994.467089848518
1766559600000,2025-12-24 07:00:00+00:00,8994.467089848518
1766563200000,2025-12-24 08:00:00+00:00,8994.467089848518
1766566800000,2025-12-24 09:00:00+00:00,8994.467089848518
1766570400000,2025-12-24 10:00:00+00:00,8994.467089848518
1766574000000,2025-12-24 11:00:00+00:00,8994.467089848518
1766577600000,2025-12-24 12:00:00+00:00,8994.467089848518
1766581200000,2025-12-24 13:00:00+00:00,8994.467089848518
1766584800000,2025-12-24 14:00:00+00:00,8994.467089848518
1766588400000,2025-12-24 15:00:00+00:00,8994.467089848518
1766592000000,2025-12-24 16:00:00+00:00,8994.467089848518
1766595600000,2025-12-24 17:00:00+00:00,8994.467089848518
1766599200000,2025-12-24 18:00:00+00:00,8994.467089848518
1766602800000,2025-12-24 19:00:00+00:00,8994.467089848518
1766606400000,2025-12-24 20:00:00+00:00,8994.467089848518
1766610000000,2025-12-24 21:00:00+00:00,8994.467089848518
1766613600000,2025-12-24 22:00:00+00:00,8994.467089848518
1766617200000,2025-12-24 23:00:00+00:00,8994.467089848518
1766620800000,2025-12-25 00:00:00+00:00,8994.467089848518
1766624400000,2025-12-25 01:00:00+00:00,8994.467089848518
1766628000000,2025-12-25 02:00:00+00:00,8994.467089848518
1766631600000,2025-12-25 03:00:00+00:00,8994.467089848518
1766635200000,2025-12-25 04:00:00+00:00,8994.467089848518
1766638800000,2025-12-25 05:00:00+00:00,8994.467089848518
1766642400000,2025-12-25 06:00:00+00:00,8994.467089848518
1766646000000,2025-12-25 07:00:00+00:00,8994.467089848518
1766649600000,2025-12-25 08:00:00+00:00,8994.467089848518
1766653200000,2025-12-25 09:00:00+00:00,8994.467089848518
1766656800000,2025-12-25 10:00:00+00:00,8994.467089848518
1766660400000,2025-12-25 11:00:00+00:00,8994.467089848518
1766664000000,2025-12-25 12:00:00+00:00,8994.467089848518
1766667600000,2025-12-25 13:00:00+00:00,8994.467089848518
1766671200000,2025-12-25 14:00:00+00:00,8994.467089848518
1766674800000,2025-12-25 15:00:00+00:00,8994.467089848518
1766678400000,2025-12-25 16:00:00+00:00,8994.467089848518
1766682000000,2025-12-25 17:00:00+00:00,8994.467089848518
1766685600000,2025-12-25 18:00:00+00:00,8994.467089848518
1766689200000,2025-12-25 19:00:00+00:00,8994.467089848518
1766692800000,2025-12-25 20:00:00+00:00,8994.467089848518
1766696400000,2025-12-25 21:00:00+00:00,8994.467089848518
1766700000000,2025-12-25 22:00:00+00:00,8994.467089848518
1766703600000,2025-12-25 23:00:00+00:00,8994.467089848518
1766707200000,2025-12-26 00:00:00+00:00,8994.467089848518
1766710800000,2025-12-26 01:00:00+00:00,8994.467089848518
1766714400000,2025-12-26 02:00:00+00:00,8994.467089848518
1766718000000,2025-12-26 03:00:00+00:00,8994.467089848518
1766721600000,2025-12-26 04:00:00+00:00,8994.467089848518
1766725200000,2025-12-26 05:00:00+00:00,8994.467089848518
1766728800000,2025-12-26 06:00:00+00:00,8994.467089848518
1766732400000,2025-12-26 07:00:00+00:00,8994.467089848518
1766736000000,2025-12-26 08:00:00+00:00,8994.467089848518
1766739600000,2025-12-26 09:00:00+00:00,8994.467089848518
1766743200000,2025-12-26 10:00:00+00:00,8994.467089848518
1766746800000,2025-12-26 11:00:00+00:00,8994.467089848518
1766750400000,2025-12-26 12:00:00+00:00,8994.467089848518
1766754000000,2025-12-26 13:00:00+00:00,8994.467089848518
1766757600000,2025-12-26 14:00:00+00:00,8994.467089848518
1766761200000,2025-12-26 15:00:00+00:00,8994.467089848518
1766764800000,2025-12-26 16:00:00+00:00,8994.467089848518
1766768400000,2025-12-26 17:00:00+00:00,8994.467089848518
1766772000000,2025-12-26 18:00:00+00:00,8994.467089848518
1766775600000,2025-12-26 19:00:00+00:00,8994.467089848518
1766779200000,2025-12-26 20:00:00+00:00,8994.467089848518
1766782800000,2025-12-26 21:00:00+00:00,8994.467089848518
1766786400000,2025-12-26 22:00:00+00:00,8994.467089848518
1766790000000,2025-12-26 23:00:00+00:00,8994.467089848518
1766793600000,2025-12-27 00:00:00+00:00,8994.467089848518
1766797200000,2025-12-27 01:00:00+00:00,8994.467089848518
1766800800000,2025-12-27 02:00:00+00:00,8994.467089848518
1766804400000,2025-12-27 03:00:00+00:00,8994.467089848518
1766808000000,2025-12-27 04:00:00+00:00,8994.467089848518
1766811600000,2025-12-27 05:00:00+00:00,8994.467089848518
1766815200000,2025-12-27 06:00:00+00:00,8994.467089848518
1766818800000,2025-12-27 07:00:00+00:00,8994.467089848518
1766822400000,2025-12-27 08:00:00+00:00,8994.467089848518
1766826000000,2025-12-27 09:00:00+00:00,8994.467089848518
1766829600000,2025-12-27 10:00:00+00:00,8994.467089848518
1766833200000,2025-12-27 11:00:00+00:00,8994.467089848518
1766836800000,2025-12-27 12:00:00+00:00,8994.467089848518
1766840400000,2025-12-27 13:00:00+00:00,8994.467089848518
1766844000000,2025-12-27 14:00:00+00:00,8994.467089848518
1766847600000,2025-12-27 15:00:00+00:00,8994.467089848518
1766851200000,2025-12-27 16:00:00+00:00,8994.467089848518
1766854800000,2025-12-27 17:00:00+00:00,8994.467089848518
1766858400000,2025-12-27 18:00:00+00:00,8994.467089848518
1766862000000,2025-12-27 19:00:00+00:00,8994.467089848518
1766865600000,2025-12-27 20:00:00+00:00,8994.467089848518
1766869200000,2025-12-27 21:00:00+00:00,8994.467089848518
1766872800000,2025-12-27 22:00:00+00:00,8994.467089848518
1766876400000,2025-12-27 23:00:00+00:00,8994.467089848518
1766880000000,2025-12-28 00:00:00+00:00,8994.467089848518
1766883600000,2025-12-28 01:00:00+00:00,8994.467089848518
1766887200000,2025-12-28 02:00:00+00:00,8994.467089848518
1766890800000,2025-12-28 03:00:00+00:00,8994.467089848518
1766894400000,2025-12-28 04:00:00+00:00,8994.467089848518
1766898000000,2025-12-28 05:00:00+00:00,8994.467089848518
1766901600000,2025-12-28 06:00:00+00:00,8994.467089848518
1766905200000,2025-12-28 07:00:00+00:00,8994.467089848518
1766908800000,2025-12-28 08:00:00+00:00,8994.467089848518
1766912400000,2025-12-28 09:00:00+00:00,8994.467089848518
1766916000000,2025-12-28 10:00:00+00:00,8994.467089848518
1766919600000,2025-12-28 11:00:00+00:00,8994.467089848518
1766923200000,2025-12-28 12:00:00+00:00,8994.467089848518
1766926800000,2025-12-28 13:00:00+00:00,8994.467089848518
1766930400000,2025-12-28 14:00:00+00:00,8994.467089848518
1766934000000,2025-12-28 15:00:00+00:00,8994.467089848518
1766937600000,2025-12-28 16:00:00+00:00,8994.467089848518
1766941200000,2025-12-28 17:00:00+00:00,8994.467089848518
1766944800000,2025-12-28 18:00:00+00:00,8994.467089848518
1766948400000,2025-12-28 19:00:00+00:00,8994.467089848518
1766952000000,2025-12-28 20:00:00+00:00,8994.467089848518
1766955600000,2025-12-28 21:00:00+00:00,8994.467089848518
1766959200000,2025-12-28 22:00:00+00:00,8994.467089848518
1766962800000,2025-12-28 23:00:00+00:00,8994.467089848518
1766966400000,2025-12-29 00:00:00+00:00,8994.467089848518
1766970000000,2025-12-29 01:00:00+00:00,8994.467089848518
1766973600000,2025-12-29 02:00:00+00:00,8994.467089848518
1766977200000,2025-12-29 03:00:00+00:00,8994.467089848518
1766980800000,2025-12-29 04:00:00+00:00,8994.467089848518
1766984400000,2025-12-29 05:00:00+00:00,8994.467089848518
1766988000000,2025-12-29 06:00:00+00:00,8994.467089848518
1766991600000,2025-12-29 07:00:00+00:00,8994.467089848518
1766995200000,2025-12-29 08:00:00+00:00,8994.467089848518
1766998800000,2025-12-29 09:00:00+00:00,8994.467089848518
1767002400000,2025-12-29 10:00:00+00:00,8994.467089848518
1767006000000,2025-12-29 11:00:00+00:00,8994.467089848518
1767009600000,2025-12-29 12:00:00+00:00,8994.467089848518
1767013200000,2025-12-29 13:00:00+00:00,8994.467089848518
1767016800000,2025-12-29 14:00:00+00:00,8994.467089848518
1767020400000,2025-12-29 15:00:00+00:00,8994.467089848518
1767024000000,2025-12-29 16:00:00+00:00,8994.467089848518
1767027600000,2025-12-29 17:00:00+00:00,8994.467089848518
1767031200000,2025-12-29 18:00:00+00:00,8994.467089848518
1767034800000,2025-12-29 19:00:00+00:00,8994.467089848518
1767038400000,2025-12-29 20:00:00+00:00,8994.467089848518
1767042000000,2025-12-29 21:00:00+00:00,8994.467089848518
1767045600000,2025-12-29 22:00:00+00:00,8994.467089848518
1767049200000,2025-12-29 23:00:00+00:00,8994.467089848518
1767052800000,2025-12-30 00:00:00+00:00,8994.467089848518
1767056400000,2025-12-30 01:00:00+00:00,8994.467089848518
1767060000000,2025-12-30 02:00:00+00:00,8994.467089848518
1767063600000,2025-12-30 03:00:00+00:00,8994.467089848518
1767067200000,2025-12-30 04:00:00+00:00,8994.467089848518
1767070800000,2025-12-30 05:00:00+00:00,8994.467089848518
1767074400000,2025-12-30 06:00:00+00:00,8994.467089848518
1767078000000,2025-12-30 07:00:00+00:00,8994.467089848518
1767081600000,2025-12-30 08:00:00+00:00,8994.467089848518
1767085200000,2025-12-30 09:00:00+00:00,8994.467089848518
1767088800000,2025-12-30 10:00:00+00:00,8994.467089848518
1767092400000,2025-12-30 11:00:00+00:00,8994.467089848518
1767096000000,2025-12-30 12:00:00+00:00,8994.467089848518
1767099600000,2025-12-30 13:00:00+00:00,8994.467089848518
1767103200000,2025-12-30 14:00:00+00:00,8994.467089848518
1767106800000,2025-12-30 15:00:00+00:00,8994.467089848518
1767110400000,2025-12-30 16:00:00+00:00,8994.467089848518
1767114000000,2025-12-30 17:00:00+00:00,8994.467089848518
1767117600000,2025-12-30 18:00:00+00:00,8994.467089848518
1767121200000,2025-12-30 19:00:00+00:00,8994.467089848518
1767124800000,2025-12-30 20:00:00+00:00,8994.467089848518
1767128400000,2025-12-30 21:00:00+00:00,8994.467089848518
1767132000000,2025-12-30 22:00:00+00:00,8994.467089848518
1767135600000,2025-12-30 23:00:00+00:00,8994.467089848518
1767139200000,2025-12-31 00:00:00+00:00,8994.467089848518
1767142800000,2025-12-31 01:00:00+00:00,8994.467089848518
1767146400000,2025-12-31 02:00:00+00:00,8994.467089848518
1767150000000,2025-12-31 03:00:00+00:00,8994.467089848518
1767153600000,2025-12-31 04:00:00+00:00,8994.467089848518
1767157200000,2025-12-31 05:00:00+00:00,8994.467089848518
1767160800000,2025-12-31 06:00:00+00:00,8994.467089848518
1767164400000,2025-12-31 07:00:00+00:00,8994.467089848518
1767168000000,2025-12-31 08:00:00+00:00,8994.467089848518
1767171600000,2025-12-31 09:00:00+00:00,8994.467089848518
1767175200000,2025-12-31 10:00:00+00:00,8994.467089848518
1767178800000,2025-12-31 11:00:00+00:00,8994.467089848518
1767182400000,2025-12-31 12:00:00+00:00,8994.467089848518
1767186000000,2025-12-31 13:00:00+00:00,8994.467089848518
1767189600000,2025-12-31 14:00:00+00:00,8994.467089848518
1767193200000,2025-12-31 15:00:00+00:00,8994.467089848518
1767196800000,2025-12-31 16:00:00+00:00,8994.467089848518
1767200400000,2025-12-31 17:00:00+00:00,8994.467089848518
1767204000000,2025-12-31 18:00:00+00:00,8994.467089848518
1767207600000,2025-12-31 19:00:00+00:00,8994.467089848518
1767211200000,2025-12-31 20:00:00+00:00,8994.467089848518
1767214800000,2025-12-31 21:00:00+00:00,8994.467089848518
1767218400000,2025-12-31 22:00:00+00:00,8994.467089848518
1767222000000,2025-12-31 23:00:00+00:00,8994.467089848518
1767225600000,2026-01-01 00:00:00+00:00,8994.467089848518
1767229200000,2026-01-01 01:00:00+00:00,8994.467089848518
1767232800000,2026-01-01 02:00:00+00:00,8994.467089848518
1767236400000,2026-01-01 03:00:00+00:00,8994.467089848518
1767240000000,2026-01-01 04:00:00+00:00,8994.467089848518
1767243600000,2026-01-01 05:00:00+00:00,8994.467089848518
1767247200000,2026-01-01 06:00:00+00:00,8994.467089848518
1767250800000,2026-01-01 07:00:00+00:00,8994.467089848518
1767254400000,2026-01-01 08:00:00+00:00,8994.467089848518
1767258000000,2026-01-01 09:00:00+00:00,8994.467089848518
1767261600000,2026-01-01 10:00:00+00:00,8994.467089848518
1767265200000,2026-01-01 11:00:00+00:00,8994.467089848518
1767268800000,2026-01-01 12:00:00+00:00,8994.467089848518
1767272400000,2026-01-01 13:00:00+00:00,8994.467089848518
1767276000000,2026-01-01 14:00:00+00:00,8994.467089848518
1767279600000,2026-01-01 15:00:00+00:00,8994.467089848518
1767283200000,2026-01-01 16:00:00+00:00,8994.467089848518
1767286800000,2026-01-01 17:00:00+00:00,8994.467089848518
1767290400000,2026-01-01 18:00:00+00:00,8994.467089848518
1767294000000,2026-01-01 19:00:00+00:00,8994.467089848518
1767297600000,2026-01-01 20:00:00+00:00,8994.467089848518
1767301200000,2026-01-01 21:00:00+00:00,8994.467089848518
1767304800000,2026-01-01 22:00:00+00:00,8994.467089848518
1767308400000,2026-01-01 23:00:00+00:00,8994.467089848518
1767312000000,2026-01-02 00:00:00+00:00,8994.467089848518
1767315600000,2026-01-02 01:00:00+00:00,8994.467089848518
1767319200000,2026-01-02 02:00:00+00:00,8994.467089848518
1767322800000,2026-01-02 03:00:00+00:00,8994.467089848518
1767326400000,2026-01-02 04:00:00+00:00,8994.467089848518
1767330000000,2026-01-02 05:00:00+00:00,8994.467089848518
1767333600000,2026-01-02 06:00:00+00:00,8994.467089848518
1767337200000,2026-01-02 07:00:00+00:00,8994.467089848518
1767340800000,2026-01-02 08:00:00+00:00,8994.467089848518
1767344400000,2026-01-02 09:00:00+00:00,8994.467089848518
1767348000000,2026-01-02 10:00:00+00:00,8994.467089848518
1767351600000,2026-01-02 11:00:00+00:00,8994.467089848518
1767355200000,2026-01-02 12:00:00+00:00,8994.467089848518
1767358800000,2026-01-02 13:00:00+00:00,8994.467089848518
1767362400000,2026-01-02 14:00:00+00:00,8994.467089848518
1767366000000,2026-01-02 15:00:00+00:00,8994.467089848518
1767369600000,2026-01-02 16:00:00+00:00,8994.467089848518
1767373200000,2026-01-02 17:00:00+00:00,8994.467089848518
1767376800000,2026-01-02 18:00:00+00:00,8994.467089848518
1767380400000,2026-01-02 19:00:00+00:00,8994.467089848518
1767384000000,2026-01-02 20:00:00+00:00,8994.467089848518
1767387600000,2026-01-02 21:00:00+00:00,8994.467089848518
1767391200000,2026-01-02 22:00:00+00:00,8994.467089848518
1767394800000,2026-01-02 23:00:00+00:00,8994.467089848518
1767398400000,2026-01-03 00:00:00+00:00,8994.467089848518
1767402000000,2026-01-03 01:00:00+00:00,8994.467089848518
1767405600000,2026-01-03 02:00:00+00:00,8994.467089848518
1767409200000,2026-01-03 03:00:00+00:00,8994.467089848518
1767412800000,2026-01-03 04:00:00+00:00,8994.467089848518
1767416400000,2026-01-03 05:00:00+00:00,8994.467089848518
1767420000000,2026-01-03 06:00:00+00:00,8994.467089848518
1767423600000,2026-01-03 07:00:00+00:00,8994.467089848518
1767427200000,2026-01-03 08:00:00+00:00,8994.467089848518
1767430800000,2026-01-03 09:00:00+00:00,8994.467089848518
1767434400000,2026-01-03 10:00:00+00:00,8994.467089848518
1767438000000,2026-01-03 11:00:00+00:00,8994.467089848518
1767441600000,2026-01-03 12:00:00+00:00,8994.467089848518
1767445200000,2026-01-03 13:00:00+00:00,8994.467089848518
1767448800000,2026-01-03 14:00:00+00:00,8994.467089848518
1767452400000,2026-01-03 15:00:00+00:00,8994.467089848518
1767456000000,2026-01-03 16:00:00+00:00,8994.467089848518
1767459600000,2026-01-03 17:00:00+00:00,8994.467089848518
1767463200000,2026-01-03 18:00:00+00:00,8994.467089848518
1767466800000,2026-01-03 19:00:00+00:00,8994.467089848518
1767470400000,2026-01-03 20:00:00+00:00,8994.467089848518
1767474000000,2026-01-03 21:00:00+00:00,8994.467089848518
1767477600000,2026-01-03 22:00:00+00:00,8994.467089848518
1767481200000,2026-01-03 23:00:00+00:00,8994.467089848518
1767484800000,2026-01-04 00:00:00+00:00,8994.467089848518
1767488400000,2026-01-04 01:00:00+00:00,8994.467089848518
1767492000000,2026-01-04 02:00:00+00:00,8994.467089848518
1767495600000,2026-01-04 03:00:00+00:00,8994.467089848518
1767499200000,2026-01-04 04:00:00+00:00,8994.467089848518
1767502800000,2026-01-04 05:00:00+00:00,8994.467089848518
1767506400000,2026-01-04 06:00:00+00:00,8994.467089848518
1767510000000,2026-01-04 07:00:00+00:00,8994.467089848518
1767513600000,2026-01-04 08:00:00+00:00,8994.467089848518
1767517200000,2026-01-04 09:00:00+00:00,8994.467089848518
1767520800000,2026-01-04 10:00:00+00:00,8994.467089848518
1767524400000,2026-01-04 11:00:00+00:00,8994.467089848518
1767528000000,2026-01-04 12:00:00+00:00,8994.467089848518
1767531600000,2026-01-04 13:00:00+00:00,8994.467089848518
1767535200000,2026-01-04 14:00:00+00:00,8994.467089848518
1767538800000,2026-01-04 15:00:00+00:00,8994.467089848518
1767542400000,2026-01-04 16:00:00+00:00,8994.467089848518
1767546000000,2026-01-04 17:00:00+00:00,8994.467089848518
1767549600000,2026-01-04 18:00:00+00:00,8994.467089848518
1767553200000,2026-01-04 19:00:00+00:00,8994.467089848518
1767556800000,2026-01-04 20:00:00+00:00,8994.467089848518
1767560400000,2026-01-04 21:00:00+00:00,8994.467089848518
1767564000000,2026-01-04 22:00:00+00:00,8994.467089848518
1767567600000,2026-01-04 23:00:00+00:00,8994.467089848518
1767571200000,2026-01-05 00:00:00+00:00,8994.467089848518
1767574800000,2026-01-05 01:00:00+00:00,8994.467089848518
1767578400000,2026-01-05 02:00:00+00:00,8994.467089848518
1767582000000,2026-01-05 03:00:00+00:00,8994.467089848518
1767585600000,2026-01-05 04:00:00+00:00,8994.467089848518
1767589200000,2026-01-05 05:00:00+00:00,8994.467089848518
1767592800000,2026-01-05 06:00:00+00:00,8994.467089848518
1767596400000,2026-01-05 07:00:00+00:00,8994.467089848518
1767600000000,2026-01-05 08:00:00+00:00,8994.467089848518
1767603600000,2026-01-05 09:00:00+00:00,8994.467089848518
1767607200000,2026-01-05 10:00:00+00:00,8994.467089848518
1767610800000,2026-01-05 11:00:00+00:00,8994.467089848518
1767614400000,2026-01-05 12:00:00+00:00,8994.467089848518
1767618000000,2026-01-05 13:00:00+00:00,8994.467089848518
1767621600000,2026-01-05 14:00:00+00:00,8994.467089848518
1767625200000,2026-01-05 15:00:00+00:00,8994.467089848518
1767628800000,2026-01-05 16:00:00+00:00,8994.467089848518
1767632400000,2026-01-05 17:00:00+00:00,8994.467089848518
1767636000000,2026-01-05 18:00:00+00:00,8994.467089848518
1767639600000,2026-01-05 19:00:00+00:00,8994.467089848518
1767643200000,2026-01-05 20:00:00+00:00,8994.467089848518
1767646800000,2026-01-05 21:00:00+00:00,8994.467089848518
1767650400000,2026-01-05 22:00:00+00:00,8994.467089848518
1767654000000,2026-01-05 23:00:00+00:00,8994.467089848518
1767657600000,2026-01-06 00:00:00+00:00,8994.467089848518
1767661200000,2026-01-06 01:00:00+00:00,8994.467089848518
1767664800000,2026-01-06 02:00:00+00:00,8994.467089848518
1767668400000,2026-01-06 03:00:00+00:00,8994.467089848518
1767672000000,2026-01-06 04:00:00+00:00,8994.467089848518
1767675600000,2026-01-06 05:00:00+00:00,8994.467089848518
1767679200000,2026-01-06 06:00:00+00:00,8994.467089848518
1767682800000,2026-01-06 07:00:00+00:00,8994.467089848518
1767686400000,2026-01-06 08:00:00+00:00,8994.467089848518
1767690000000,2026-01-06 09:00:00+00:00,8994.467089848518
1767693600000,2026-01-06 10:00:00+00:00,8994.467089848518
1767697200000,2026-01-06 11:00:00+00:00,8994.467089848518
1767700800000,2026-01-06 12:00:00+00:00,8994.467089848518
1767704400000,2026-01-06 13:00:00+00:00,8994.467089848518
1767708000000,2026-01-06 14:00:00+00:00,8994.467089848518
1767711600000,2026-01-06 15:00:00+00:00,8994.467089848518
1767715200000,2026-01-06 16:00:00+00:00,8994.467089848518
1767718800000,2026-01-06 17:00:00+00:00,9010.418049268405
1767722400000,2026-01-06 18:00:00+00:00,9010.418049268405
1767726000000,2026-01-06 19:00:00+00:00,9010.418049268405
1767729600000,2026-01-06 20:00:00+00:00,9010.418049268405
1767733200000,2026-01-06 21:00:00+00:00,9010.418049268405
1767736800000,2026-01-06 22:00:00+00:00,9010.418049268405
1767740400000,2026-01-06 23:00:00+00:00,9010.418049268405
1767744000000,2026-01-07 00:00:00+00:00,9010.418049268405
1767747600000,2026-01-07 01:00:00+00:00,9010.418049268405
1767751200000,2026-01-07 02:00:00+00:00,9010.418049268405
1767754800000,2026-01-07 03:00:00+00:00,9010.418049268405
1767758400000,2026-01-07 04:00:00+00:00,9010.418049268405
1767762000000,2026-01-07 05:00:00+00:00,9010.418049268405
1767765600000,2026-01-07 06:00:00+00:00,9010.418049268405
1767769200000,2026-01-07 07:00:00+00:00,9010.418049268405
1767772800000,2026-01-07 08:00:00+00:00,9010.418049268405
1767776400000,2026-01-07 09:00:00+00:00,9010.418049268405
1767780000000,2026-01-07 10:00:00+00:00,9010.418049268405
1767783600000,2026-01-07 11:00:00+00:00,9010.418049268405
1767787200000,2026-01-07 12:00:00+00:00,9010.418049268405
1767790800000,2026-01-07 13:00:00+00:00,9010.418049268405
1767794400000,2026-01-07 14:00:00+00:00,9010.418049268405
1767798000000,2026-01-07 15:00:00+00:00,9010.418049268405
1767801600000,2026-01-07 16:00:00+00:00,9010.418049268405
1767805200000,2026-01-07 17:00:00+00:00,9010.418049268405
1767808800000,2026-01-07 18:00:00+00:00,9010.418049268405
1767812400000,2026-01-07 19:00:00+00:00,9010.418049268405
1767816000000,2026-01-07 20:00:00+00:00,9010.418049268405
1767819600000,2026-01-07 21:00:00+00:00,9010.418049268405
1767823200000,2026-01-07 22:00:00+00:00,9010.418049268405
1767826800000,2026-01-07 23:00:00+00:00,9010.418049268405
1767830400000,2026-01-08 00:00:00+00:00,9010.418049268405
1767834000000,2026-01-08 01:00:00+00:00,9010.418049268405
1767837600000,2026-01-08 02:00:00+00:00,9010.418049268405
1767841200000,2026-01-08 03:00:00+00:00,9010.418049268405
1767844800000,2026-01-08 04:00:00+00:00,9010.418049268405
1767848400000,2026-01-08 05:00:00+00:00,9010.418049268405
1767852000000,2026-01-08 06:00:00+00:00,9010.418049268405
1767855600000,2026-01-08 07:00:00+00:00,9010.418049268405
1767859200000,2026-01-08 08:00:00+00:00,9010.418049268405
1767862800000,2026-01-08 09:00:00+00:00,9010.418049268405
1767866400000,2026-01-08 10:00:00+00:00,9010.418049268405
1767870000000,2026-01-08 11:00:00+00:00,9010.418049268405
1767873600000,2026-01-08 12:00:00+00:00,9010.418049268405
1767877200000,2026-01-08 13:00:00+00:00,9010.418049268405
1767880800000,2026-01-08 14:00:00+00:00,9010.418049268405
1767884400000,2026-01-08 15:00:00+00:00,9010.418049268405
1767888000000,2026-01-08 16:00:00+00:00,9010.418049268405
1767891600000,2026-01-08 17:00:00+00:00,9010.418049268405
1767895200000,2026-01-08 18:00:00+00:00,9010.418049268405
1767898800000,2026-01-08 19:00:00+00:00,9010.418049268405
1767902400000,2026-01-08 20:00:00+00:00,9010.418049268405
1767906000000,2026-01-08 21:00:00+00:00,9010.418049268405
1767909600000,2026-01-08 22:00:00+00:00,9010.418049268405
1767913200000,2026-01-08 23:00:00+00:00,9010.418049268405
1767916800000,2026-01-09 00:00:00+00:00,9010.418049268405
1767920400000,2026-01-09 01:00:00+00:00,9010.418049268405
1767924000000,2026-01-09 02:00:00+00:00,9010.418049268405
1767927600000,2026-01-09 03:00:00+00:00,9010.418049268405
1767931200000,2026-01-09 04:00:00+00:00,9010.418049268405
1767934800000,2026-01-09 05:00:00+00:00,9010.418049268405
1767938400000,2026-01-09 06:00:00+00:00,9010.418049268405
1767942000000,2026-01-09 07:00:00+00:00,9010.418049268405
1767945600000,2026-01-09 08:00:00+00:00,9010.418049268405
1767949200000,2026-01-09 09:00:00+00:00,9010.418049268405
1767952800000,2026-01-09 10:00:00+00:00,9010.418049268405
1767956400000,2026-01-09 11:00:00+00:00,9010.418049268405
1767960000000,2026-01-09 12:00:00+00:00,9010.418049268405
1767963600000,2026-01-09 13:00:00+00:00,9010.418049268405
1767967200000,2026-01-09 14:00:00+00:00,9010.418049268405
1767970800000,2026-01-09 15:00:00+00:00,9010.418049268405
1767974400000,2026-01-09 16:00:00+00:00,9010.418049268405
1767978000000,2026-01-09 17:00:00+00:00,9010.418049268405
1767981600000,2026-01-09 18:00:00+00:00,9010.418049268405
1767985200000,2026-01-09 19:00:00+00:00,9010.418049268405
1767988800000,2026-01-09 20:00:00+00:00,9010.418049268405
1767992400000,2026-01-09 21:00:00+00:00,9010.418049268405
1767996000000,2026-01-09 22:00:00+00:00,9010.418049268405
1767999600000,2026-01-09 23:00:00+00:00,9010.418049268405
1768003200000,2026-01-10 00:00:00+00:00,9010.418049268405
1768006800000,2026-01-10 01:00:00+00:00,9010.418049268405
1768010400000,2026-01-10 02:00:00+00:00,9010.418049268405
1768014000000,2026-01-10 03:00:00+00:00,9010.418049268405
1768017600000,2026-01-10 04:00:00+00:00,9010.418049268405
1768021200000,2026-01-10 05:00:00+00:00,9010.418049268405
1768024800000,2026-01-10 06:00:00+00:00,9010.418049268405
1768028400000,2026-01-10 07:00:00+00:00,9010.418049268405
1768032000000,2026-01-10 08:00:00+00:00,9010.418049268405
1768035600000,2026-01-10 09:00:00+00:00,9010.418049268405
1768039200000,2026-01-10 10:00:00+00:00,9010.418049268405
1768042800000,2026-01-10 11:00:00+00:00,9010.418049268405
1768046400000,2026-01-10 12:00:00+00:00,9010.418049268405
1768050000000,2026-01-10 13:00:00+00:00,9010.418049268405
1768053600000,2026-01-10 14:00:00+00:00,9010.418049268405
1768057200000,2026-01-10 15:00:00+00:00,9010.418049268405
1768060800000,2026-01-10 16:00:00+00:00,9010.418049268405
1768064400000,2026-01-10 17:00:00+00:00,9010.418049268405
1768068000000,2026-01-10 18:00:00+00:00,9010.418049268405
1768071600000,2026-01-10 19:00:00+00:00,9010.418049268405
1768075200000,2026-01-10 20:00:00+00:00,9010.418049268405
1768078800000,2026-01-10 21:00:00+00:00,9010.418049268405
1768082400000,2026-01-10 22:00:00+00:00,9010.418049268405
1768086000000,2026-01-10 23:00:00+00:00,9010.418049268405
1768089600000,2026-01-11 00:00:00+00:00,9010.418049268405
1768093200000,2026-01-11 01:00:00+00:00,9010.418049268405
1768096800000,2026-01-11 02:00:00+00:00,9010.418049268405
1768100400000,2026-01-11 03:00:00+00:00,9010.418049268405
1768104000000,2026-01-11 04:00:00+00:00,9010.418049268405
1768107600000,2026-01-11 05:00:00+00:00,9010.418049268405
1768111200000,2026-01-11 06:00:00+00:00,9010.418049268405
1768114800000,2026-01-11 07:00:00+00:00,9010.418049268405
1768118400000,2026-01-11 08:00:00+00:00,9010.418049268405
1768122000000,2026-01-11 09:00:00+00:00,9010.418049268405
1768125600000,2026-01-11 10:00:00+00:00,9010.418049268405
1768129200000,2026-01-11 11:00:00+00:00,9010.418049268405
1768132800000,2026-01-11 12:00:00+00:00,9010.418049268405
1768136400000,2026-01-11 13:00:00+00:00,9010.418049268405
1768140000000,2026-01-11 14:00:00+00:00,9010.418049268405
1768143600000,2026-01-11 15:00:00+00:00,9010.418049268405
1768147200000,2026-01-11 16:00:00+00:00,9010.418049268405
1768150800000,2026-01-11 17:00:00+00:00,9010.418049268405
1768154400000,2026-01-11 18:00:00+00:00,9010.418049268405
1768158000000,2026-01-11 19:00:00+00:00,9010.418049268405
1768161600000,2026-01-11 20:00:00+00:00,9010.418049268405
1768165200000,2026-01-11 21:00:00+00:00,9010.418049268405
1768168800000,2026-01-11 22:00:00+00:00,9010.418049268405
1768172400000,2026-01-11 23:00:00+00:00,9010.418049268405
1768176000000,2026-01-12 00:00:00+00:00,9010.418049268405
1768179600000,2026-01-12 01:00:00+00:00,9010.418049268405
1768183200000,2026-01-12 02:00:00+00:00,9010.418049268405
1768186800000,2026-01-12 03:00:00+00:00,9010.418049268405
1768190400000,2026-01-12 04:00:00+00:00,9010.418049268405
1768194000000,2026-01-12 05:00:00+00:00,9010.418049268405
1768197600000,2026-01-12 06:00:00+00:00,9010.418049268405
1768201200000,2026-01-12 07:00:00+00:00,9010.418049268405
1768204800000,2026-01-12 08:00:00+00:00,9010.418049268405
1768208400000,2026-01-12 09:00:00+00:00,9010.418049268405
1768212000000,2026-01-12 10:00:00+00:00,9010.418049268405
1768215600000,2026-01-12 11:00:00+00:00,9010.418049268405
1768219200000,2026-01-12 12:00:00+00:00,9010.418049268405
1768222800000,2026-01-12 13:00:00+00:00,9010.418049268405
1768226400000,2026-01-12 14:00:00+00:00,9010.418049268405
1768230000000,2026-01-12 15:00:00+00:00,9010.418049268405
1768233600000,2026-01-12 16:00:00+00:00,9010.418049268405
1768237200000,2026-01-12 17:00:00+00:00,9010.418049268405
1768240800000,2026-01-12 18:00:00+00:00,9010.418049268405
1768244400000,2026-01-12 19:00:00+00:00,9010.418049268405
1768248000000,2026-01-12 20:00:00+00:00,9010.418049268405
1768251600000,2026-01-12 21:00:00+00:00,9010.418049268405
1768255200000,2026-01-12 22:00:00+00:00,9010.418049268405
1768258800000,2026-01-12 23:00:00+00:00,9010.418049268405
1768262400000,2026-01-13 00:00:00+00:00,9010.418049268405
1768266000000,2026-01-13 01:00:00+00:00,9010.418049268405
1768269600000,2026-01-13 02:00:00+00:00,9010.418049268405
1768273200000,2026-01-13 03:00:00+00:00,9010.418049268405
1768276800000,2026-01-13 04:00:00+00:00,9010.418049268405
1768280400000,2026-01-13 05:00:00+00:00,9010.418049268405
1768284000000,2026-01-13 06:00:00+00:00,9010.418049268405
1768287600000,2026-01-13 07:00:00+00:00,9010.418049268405
1768291200000,2026-01-13 08:00:00+00:00,9010.418049268405
1768294800000,2026-01-13 09:00:00+00:00,9010.418049268405
1768298400000,2026-01-13 10:00:00+00:00,9010.418049268405
1768302000000,2026-01-13 11:00:00+00:00,9010.418049268405
1768305600000,2026-01-13 12:00:00+00:00,9010.418049268405
1768309200000,2026-01-13 13:00:00+00:00,9010.418049268405
1768312800000,2026-01-13 14:00:00+00:00,9010.418049268405
1768316400000,2026-01-13 15:00:00+00:00,9010.418049268405
1768320000000,2026-01-13 16:00:00+00:00,9010.418049268405
1768323600000,2026-01-13 17:00:00+00:00,9010.418049268405
1768327200000,2026-01-13 18:00:00+00:00,9010.418049268405
1768330800000,2026-01-13 19:00:00+00:00,9010.418049268405
1768334400000,2026-01-13 20:00:00+00:00,9010.418049268405
1768338000000,2026-01-13 21:00:00+00:00,9010.418049268405
1768341600000,2026-01-13 22:00:00+00:00,9010.418049268405
1768345200000,2026-01-13 23:00:00+00:00,9010.418049268405
1768348800000,2026-01-14 00:00:00+00:00,9010.418049268405
1768352400000,2026-01-14 01:00:00+00:00,9010.418049268405
1768356000000,2026-01-14 02:00:00+00:00,9010.418049268405
1768359600000,2026-01-14 03:00:00+00:00,9010.418049268405
1768363200000,2026-01-14 04:00:00+00:00,9010.418049268405
1768366800000,2026-01-14 05:00:00+00:00,9010.418049268405
1768370400000,2026-01-14 06:00:00+00:00,9010.418049268405
1768374000000,2026-01-14 07:00:00+00:00,9010.418049268405
1768377600000,2026-01-14 08:00:00+00:00,9010.418049268405
1768381200000,2026-01-14 09:00:00+00:00,9010.418049268405
1768384800000,2026-01-14 10:00:00+00:00,9010.418049268405
1768388400000,2026-01-14 11:00:00+00:00,9010.418049268405
1768392000000,2026-01-14 12:00:00+00:00,9010.418049268405
1768395600000,2026-01-14 13:00:00+00:00,9010.418049268405
1768399200000,2026-01-14 14:00:00+00:00,9010.418049268405
1768402800000,2026-01-14 15:00:00+00:00,9010.418049268405
1768406400000,2026-01-14 16:00:00+00:00,9010.418049268405
1768410000000,2026-01-14 17:00:00+00:00,9010.418049268405
1768413600000,2026-01-14 18:00:00+00:00,9010.418049268405
1768417200000,2026-01-14 19:00:00+00:00,9010.418049268405
1768420800000,2026-01-14 20:00:00+00:00,9010.418049268405
1768424400000,2026-01-14 21:00:00+00:00,9010.418049268405
1768428000000,2026-01-14 22:00:00+00:00,9010.418049268405
1768431600000,2026-01-14 23:00:00+00:00,9010.418049268405
1768435200000,2026-01-15 00:00:00+00:00,9010.418049268405
1768438800000,2026-01-15 01:00:00+00:00,9010.418049268405
1768442400000,2026-01-15 02:00:00+00:00,9010.418049268405
1768446000000,2026-01-15 03:00:00+00:00,9010.418049268405
1768449600000,2026-01-15 04:00:00+00:00,9010.418049268405
1768453200000,2026-01-15 05:00:00+00:00,9010.418049268405
1768456800000,2026-01-15 06:00:00+00:00,9010.418049268405
1768460400000,2026-01-15 07:00:00+00:00,9010.418049268405
1768464000000,2026-01-15 08:00:00+00:00,9010.418049268405
1768467600000,2026-01-15 09:00:00+00:00,9010.418049268405
1768471200000,2026-01-15 10:00:00+00:00,9010.418049268405
1768474800000,2026-01-15 11:00:00+00:00,9010.418049268405
1768478400000,2026-01-15 12:00:00+00:00,9010.418049268405
1768482000000,2026-01-15 13:00:00+00:00,9010.418049268405
1768485600000,2026-01-15 14:00:00+00:00,9010.418049268405
1768489200000,2026-01-15 15:00:00+00:00,9010.418049268405
1768492800000,2026-01-15 16:00:00+00:00,8933.202548294232
1768496400000,2026-01-15 17:00:00+00:00,8933.202548294232
1768500000000,2026-01-15 18:00:00+00:00,8933.202548294232
1768503600000,2026-01-15 19:00:00+00:00,8933.202548294232
1768507200000,2026-01-15 20:00:00+00:00,8933.202548294232
1768510800000,2026-01-15 21:00:00+00:00,8933.202548294232
1768514400000,2026-01-15 22:00:00+00:00,8933.202548294232
1768518000000,2026-01-15 23:00:00+00:00,8933.202548294232
1768521600000,2026-01-16 00:00:00+00:00,8933.202548294232
1768525200000,2026-01-16 01:00:00+00:00,8933.202548294232
1768528800000,2026-01-16 02:00:00+00:00,8933.202548294232
1768532400000,2026-01-16 03:00:00+00:00,8933.202548294232
1768536000000,2026-01-16 04:00:00+00:00,8933.202548294232
1768539600000,2026-01-16 05:00:00+00:00,8933.202548294232
1768543200000,2026-01-16 06:00:00+00:00,8933.202548294232
1768546800000,2026-01-16 07:00:00+00:00,8933.202548294232
1768550400000,2026-01-16 08:00:00+00:00,8933.202548294232
1768554000000,2026-01-16 09:00:00+00:00,8933.202548294232
1768557600000,2026-01-16 10:00:00+00:00,8933.202548294232
1768561200000,2026-01-16 11:00:00+00:00,8933.202548294232
1768564800000,2026-01-16 12:00:00+00:00,8933.202548294232
1768568400000,2026-01-16 13:00:00+00:00,8933.202548294232
1768572000000,2026-01-16 14:00:00+00:00,8933.202548294232
1768575600000,2026-01-16 15:00:00+00:00,8933.202548294232
1768579200000,2026-01-16 16:00:00+00:00,8933.202548294232
1768582800000,2026-01-16 17:00:00+00:00,8933.202548294232
1768586400000,2026-01-16 18:00:00+00:00,8933.202548294232
1768590000000,2026-01-16 19:00:00+00:00,8933.202548294232
1768593600000,2026-01-16 20:00:00+00:00,8933.202548294232
1768597200000,2026-01-16 21:00:00+00:00,8933.202548294232
1768600800000,2026-01-16 22:00:00+00:00,8933.202548294232
1768604400000,2026-01-16 23:00:00+00:00,8933.202548294232
1768608000000,2026-01-17 00:00:00+00:00,8933.202548294232
1768611600000,2026-01-17 01:00:00+00:00,8933.202548294232
1768615200000,2026-01-17 02:00:00+00:00,8933.202548294232
1768618800000,2026-01-17 03:00:00+00:00,8933.202548294232
1768622400000,2026-01-17 04:00:00+00:00,8933.202548294232
1768626000000,2026-01-17 05:00:00+00:00,8933.202548294232
1768629600000,2026-01-17 06:00:00+00:00,8933.202548294232
1768633200000,2026-01-17 07:00:00+00:00,8933.202548294232
1768636800000,2026-01-17 08:00:00+00:00,8933.202548294232
1768640400000,2026-01-17 09:00:00+00:00,8933.202548294232
1768644000000,2026-01-17 10:00:00+00:00,8933.202548294232
1768647600000,2026-01-17 11:00:00+00:00,8933.202548294232
1768651200000,2026-01-17 12:00:00+00:00,8933.202548294232
1768654800000,2026-01-17 13:00:00+00:00,8933.202548294232
1768658400000,2026-01-17 14:00:00+00:00,8933.202548294232
1768662000000,2026-01-17 15:00:00+00:00,8933.202548294232
1768665600000,2026-01-17 16:00:00+00:00,8933.202548294232
1768669200000,2026-01-17 17:00:00+00:00,8933.202548294232
1768672800000,2026-01-17 18:00:00+00:00,8933.202548294232
1768676400000,2026-01-17 19:00:00+00:00,8933.202548294232
1768680000000,2026-01-17 20:00:00+00:00,8933.202548294232
1768683600000,2026-01-17 21:00:00+00:00,8933.202548294232
1768687200000,2026-01-17 22:00:00+00:00,8933.202548294232
1768690800000,2026-01-17 23:00:00+00:00,8933.202548294232
1768694400000,2026-01-18 00:00:00+00:00,8933.202548294232
1768698000000,2026-01-18 01:00:00+00:00,8933.202548294232
1768701600000,2026-01-18 02:00:00+00:00,8933.202548294232
1768705200000,2026-01-18 03:00:00+00:00,8933.202548294232
1768708800000,2026-01-18 04:00:00+00:00,8933.202548294232
1768712400000,2026-01-18 05:00:00+00:00,8933.202548294232
1768716000000,2026-01-18 06:00:00+00:00,8933.202548294232
1768719600000,2026-01-18 07:00:00+00:00,8933.202548294232
1768723200000,2026-01-18 08:00:00+00:00,8933.202548294232
1768726800000,2026-01-18 09:00:00+00:00,8933.202548294232
1768730400000,2026-01-18 10:00:00+00:00,8933.202548294232
1768734000000,2026-01-18 11:00:00+00:00,8933.202548294232
1768737600000,2026-01-18 12:00:00+00:00,8933.202548294232
1768741200000,2026-01-18 13:00:00+00:00,8933.202548294232
1768744800000,2026-01-18 14:00:00+00:00,8933.202548294232
1768748400000,2026-01-18 15:00:00+00:00,8933.202548294232
1768752000000,2026-01-18 16:00:00+00:00,8933.202548294232
1768755600000,2026-01-18 17:00:00+00:00,8933.202548294232
1768759200000,2026-01-18 18:00:00+00:00,8933.202548294232
1768762800000,2026-01-18 19:00:00+00:00,8933.202548294232
1768766400000,2026-01-18 20:00:00+00:00,8933.202548294232
1768770000000,2026-01-18 21:00:00+00:00,8933.202548294232
1768773600000,2026-01-18 22:00:00+00:00,8933.202548294232
1768777200000,2026-01-18 23:00:00+00:00,8933.202548294232
1768780800000,2026-01-19 00:00:00+00:00,8933.202548294232
1768784400000,2026-01-19 01:00:00+00:00,8933.202548294232
1768788000000,2026-01-19 02:00:00+00:00,8933.202548294232
1768791600000,2026-01-19 03:00:00+00:00,8933.202548294232
1768795200000,2026-01-19 04:00:00+00:00,8933.202548294232
1768798800000,2026-01-19 05:00:00+00:00,8933.202548294232
1768802400000,2026-01-19 06:00:00+00:00,8933.202548294232
1768806000000,2026-01-19 07:00:00+00:00,8933.202548294232
1768809600000,2026-01-19 08:00:00+00:00,8933.202548294232
1768813200000,2026-01-19 09:00:00+00:00,8933.202548294232
1768816800000,2026-01-19 10:00:00+00:00,8933.202548294232
1768820400000,2026-01-19 11:00:00+00:00,8933.202548294232
1768824000000,2026-01-19 12:00:00+00:00,8933.202548294232
1768827600000,2026-01-19 13:00:00+00:00,8933.202548294232
1768831200000,2026-01-19 14:00:00+00:00,8933.202548294232
1768834800000,2026-01-19 15:00:00+00:00,8933.202548294232
1768838400000,2026-01-19 16:00:00+00:00,8933.202548294232
